Name,Amount,Image,DeliveryDate,Code
Hill's Prescription Diet Metabolic Treats Dog Treats - Dry » 220g Bag,3.99,https://static2.viovet.co.uk/familygallery/hills-prescription-metabolic-treats-xslr.jpg,"",151006
Hill's Prescription Diet z/d Food Sensitivities Dog Food - Dry » 3kg Bag,25.0,https://static2.viovet.co.uk/familygallery/hills-prescription-zd-diets-2e0j.jpg,"",110364
Hill's Prescription Diet z/d Food Sensitivities Dog Food - Dry » 10kg Bag,49.99,https://static2.viovet.co.uk/familygallery/hills-prescription-zd-diets-2e0j.jpg,"",110365
Hill's Prescription Diet z/d Food Sensitivities Dog Food - Mini Dry » 1.5kg Bag,14.99,https://static2.viovet.co.uk/familygallery/hills-prescription-zd-diets-2e0j.jpg,"",180053
Hill's Prescription Diet z/d Food Sensitivities Dog Food - Mini Dry » 6kg Bag,53.5,https://static2.viovet.co.uk/familygallery/hills-prescription-zd-diets-2e0j.jpg,"",180054
Hill's Prescription Diet z/d Food Sensitivities Dog Food - Wet » 12 x 370g Cans,28.99,https://static2.viovet.co.uk/familygallery/hills-prescription-zd-diets-2e0j.jpg,"",110367
Hill's Prescription Diet i/d Digestive Care Dog Food - Dry » 2kg Bag,16.99,https://static2.viovet.co.uk/familygallery/hills-prescription-id-diets-jyit.jpg,"",110324
Hill's Prescription Diet i/d Digestive Care Dog Food - Dry » 5kg Bag,33.49,https://static2.viovet.co.uk/familygallery/hills-prescription-id-diets-jyit.jpg,"",110325
Hill's Prescription Diet i/d Digestive Care Dog Food - Dry » 12kg Bag,49.86,https://static2.viovet.co.uk/familygallery/hills-prescription-id-diets-jyit.jpg,"",117688
Hill's Prescription Diet i/d Digestive Care Dog Food - Low Fat Dry » 1.5kg Bag,12.99,https://static2.viovet.co.uk/familygallery/hills-prescription-id-diets-jyit.jpg,"",140544
Hill's Prescription Diet i/d Digestive Care Dog Food - Low Fat Dry » 6kg Bag,37.49,https://static2.viovet.co.uk/familygallery/hills-prescription-id-diets-jyit.jpg,"",140546
Hill's Prescription Diet i/d Digestive Care Dog Food - Low Fat Dry » 12kg Bag,67.49,https://static2.viovet.co.uk/familygallery/hills-prescription-id-diets-jyit.jpg,"",140547
Hill's Prescription Diet i/d Digestive Care Dog Food - Low Fat Wet » 12 x 360g Cans,26.5,https://static2.viovet.co.uk/familygallery/hills-prescription-id-diets-jyit.jpg,"",140548
Hill's Prescription Diet i/d Digestive Care Dog Food - Mini Stress » Dry » 1.5g Bag,12.49,https://static2.viovet.co.uk/familygallery/hills-prescription-id-diets-jyit.jpg,"",218259
Hill's Prescription Diet i/d Digestive Care Dog Food - Mini Stress » Dry » 5kg Bag,37.99,https://static2.viovet.co.uk/familygallery/hills-prescription-id-diets-jyit.jpg,"",218285
Hill's Prescription Diet i/d Digestive Care Dog Food - Recovery Pack Wet » 3 x 360g Cans,10.99,https://static2.viovet.co.uk/familygallery/hills-prescription-id-diets-jyit.jpg,"",153711
Hill's Prescription Diet i/d Digestive Care Dog Food - Recovery Pack Wet » 12 x 360g Cans,44.99,https://static2.viovet.co.uk/familygallery/hills-prescription-id-diets-jyit.jpg,"",110327
Hill's Prescription Diet i/d Digestive Care Dog Food - Sensitive Dry » 1.5kg Bag,11.99,https://static2.viovet.co.uk/familygallery/hills-prescription-id-diets-jyit.jpg,"",157253
Hill's Prescription Diet i/d Digestive Care Dog Food - Sensitive Dry » 5kg Bag,36.49,https://static2.viovet.co.uk/familygallery/hills-prescription-id-diets-jyit.jpg,"",157258
Hill's Prescription Diet i/d Digestive Care Dog Food - Sensitive Dry » 12kg Bag,67.99,https://static2.viovet.co.uk/familygallery/hills-prescription-id-diets-jyit.jpg,"",157255
Hill's Prescription Diet i/d Digestive Care Dog Food - Wet » 12 x 360g Cans,26.99,https://static2.viovet.co.uk/familygallery/hills-prescription-id-diets-jyit.jpg,"",110323
Hill's Prescription Diet Metabolic Weight Management with Chicken Dog Food - Dry » 1.5kg Bag,11.99,https://static2.viovet.co.uk/familygallery/hills-prescription-metabolic-advanced-weight-e6wk.jpg,"",142743
Hill's Prescription Diet Metabolic Weight Management with Chicken Dog Food - Dry » 4kg Bag,27.49,https://static2.viovet.co.uk/familygallery/hills-prescription-metabolic-advanced-weight-e6wk.jpg,"",142741
Hill's Prescription Diet Metabolic Weight Management with Chicken Dog Food - Dry » 12kg Bag,49.99,https://static2.viovet.co.uk/familygallery/hills-prescription-metabolic-advanced-weight-e6wk.jpg,"",142740
Hill's Prescription Diet Metabolic Weight Management with Chicken Dog Food - Mini Dry » 1.5kg Bag,12.49,https://static2.viovet.co.uk/familygallery/hills-prescription-metabolic-advanced-weight-e6wk.jpg,"",151003
Hill's Prescription Diet Metabolic Weight Management with Chicken Dog Food - Mini Dry » 6kg Bag,39.49,https://static2.viovet.co.uk/familygallery/hills-prescription-metabolic-advanced-weight-e6wk.jpg,"",151004
Hill's Prescription Diet Metabolic Weight Management with Chicken Dog Food - Wet » 12 x 370g Cans,28.49,https://static2.viovet.co.uk/familygallery/hills-prescription-metabolic-advanced-weight-e6wk.jpg,"",142742
Hill's Prescription Diet j/d Joint Care Dog Food - Dry » 2kg Bag,17.49,https://static1.viovet.co.uk/familygallery/hills-prescription-jd-diets-46us.jpg,"",110330
Hill's Prescription Diet j/d Joint Care Dog Food - Dry » 5kg Bag,34.49,https://static1.viovet.co.uk/familygallery/hills-prescription-jd-diets-46us.jpg,"",110329
Hill's Prescription Diet j/d Joint Care Dog Food - Dry » 12kg Bag,52.99,https://static1.viovet.co.uk/familygallery/hills-prescription-jd-diets-46us.jpg,"",117677
Hill's Prescription Diet j/d Joint Care Dog Food - Mini Dry » 2kg Bag,17.99,https://static1.viovet.co.uk/familygallery/hills-prescription-jd-diets-46us.jpg,"",117195
Hill's Prescription Diet j/d Joint Care Dog Food - Mini Dry » 5kg Bag,35.99,https://static1.viovet.co.uk/familygallery/hills-prescription-jd-diets-46us.jpg,"",117196
Hill's Prescription Diet j/d Joint Care Dog Food - Reduced Calorie Dry » 4kg Bag,28.99,https://static1.viovet.co.uk/familygallery/hills-prescription-jd-diets-46us.jpg,"",110334
Hill's Prescription Diet j/d Joint Care Dog Food - Reduced Calorie Dry » 12kg Bag,55.49,https://static1.viovet.co.uk/familygallery/hills-prescription-jd-diets-46us.jpg,"",110332
Hill's Prescription Diet j/d Joint Care Dog Food - Wet » 12 x 370g Cans,28.99,https://static1.viovet.co.uk/familygallery/hills-prescription-jd-diets-46us.jpg,"",110328
"Hill's Prescription Diet Metabolic + Mobility, Weight + Joint Care with Chicken Dog Food - Dry » 4kg Bag",30.49,https://static1.viovet.co.uk/familygallery/hills-prescription-diet-metabolic-mobility-61we.jpg,"",179703
"Hill's Prescription Diet Metabolic + Mobility, Weight + Joint Care with Chicken Dog Food - Dry » 12kg Bag",56.99,https://static1.viovet.co.uk/familygallery/hills-prescription-diet-metabolic-mobility-61we.jpg,"",179700
Hill's Prescription Diet w/d Digestive/Weight/Diabetes Management with Chicken Dog Food - Dry » 1.5kg Bag,10.99,https://static1.viovet.co.uk/familygallery/hills-prescription-wd-diets-ltef.jpg,"",110360
Hill's Prescription Diet w/d Digestive/Weight/Diabetes Management with Chicken Dog Food - Dry » 4kg Bag,24.99,https://static1.viovet.co.uk/familygallery/hills-prescription-wd-diets-ltef.jpg,"",110359
Hill's Prescription Diet w/d Digestive/Weight/Diabetes Management with Chicken Dog Food - Dry » 12kg Bag,49.99,https://static1.viovet.co.uk/familygallery/hills-prescription-wd-diets-ltef.jpg,"",110361
Hill's Prescription Diet w/d Digestive/Weight/Diabetes Management with Chicken Dog Food - Mini Dry » 1.5kg Bag,10.99,https://static1.viovet.co.uk/familygallery/hills-prescription-wd-diets-ltef.jpg,"",117199
Hill's Prescription Diet w/d Digestive/Weight/Diabetes Management with Chicken Dog Food - Mini Dry » 6kg Bag,36.49,https://static1.viovet.co.uk/familygallery/hills-prescription-wd-diets-ltef.jpg,"",117200
Hill's Prescription Diet w/d Digestive/Weight/Diabetes Management with Chicken Dog Food - Wet » 12 x 370g Cans,27.49,https://static1.viovet.co.uk/familygallery/hills-prescription-wd-diets-ltef.jpg,"",110357
Hill's Prescription Diet r/d Weight Reduction Dog Food - Dry » 1.5kg Bag,11.99,https://static1.viovet.co.uk/familygallery/hills-prescription-rd-diets-jywn.jpg,"",110346
Hill's Prescription Diet r/d Weight Reduction Dog Food - Dry » 4kg Bag,25.0,https://static1.viovet.co.uk/familygallery/hills-prescription-rd-diets-jywn.jpg,"",110347
Hill's Prescription Diet r/d Weight Reduction Dog Food - Dry » 12kg Bag,47.99,https://static1.viovet.co.uk/familygallery/hills-prescription-rd-diets-jywn.jpg,"",110348
Hill's Prescription Diet r/d Weight Reduction Dog Food - Mini Dry » 1.5kg Bag,11.99,https://static1.viovet.co.uk/familygallery/hills-prescription-rd-diets-jywn.jpg,"",117197
Hill's Prescription Diet r/d Weight Reduction Dog Food - Mini Dry » 6kg Bag,38.99,https://static1.viovet.co.uk/familygallery/hills-prescription-rd-diets-jywn.jpg,"",117198
Hill's Prescription Diet r/d Weight Reduction Dog Food - Wet » 12 x 350g Cans,27.49,https://static1.viovet.co.uk/familygallery/hills-prescription-rd-diets-jywn.jpg,"",110345
Hill's Prescription Diet Hypoallergenic Treats Dog Treats - Dry » 220g Bag,3.89,https://static2.viovet.co.uk/familygallery/hills-hypoallergenic-treats-b3z3.jpg,"",196440
Hill's Prescription Diet k/d Kidney Care Original Dog Food - Dry » 2kg Bag,16.0,https://static1.viovet.co.uk/familygallery/hills-prescription-kd-diets-zv50.jpg,"",110248
Hill's Prescription Diet k/d Kidney Care Original Dog Food - Dry » 5kg Bag,34.49,https://static1.viovet.co.uk/familygallery/hills-prescription-kd-diets-zv50.jpg,"",110249
Hill's Prescription Diet k/d Kidney Care Original Dog Food - Dry » 12kg Bag,62.99,https://static1.viovet.co.uk/familygallery/hills-prescription-kd-diets-zv50.jpg,"",117729
Hill's Prescription Diet k/d Kidney Care Original Dog Food - Wet » 12 x 370g Cans,27.49,https://static1.viovet.co.uk/familygallery/hills-prescription-kd-diets-zv50.jpg,"",110333
Hill's Prescription Diet u/d Urinary Care Original Dog Food - Dry » 5kg Bag,37.99,https://static2.viovet.co.uk/familygallery/hills-prescription-ud-diets-iwtj.jpg,"",110354
Hill's Prescription Diet u/d Urinary Care Original Dog Food - Dry » 12kg Bag,65.99,https://static2.viovet.co.uk/familygallery/hills-prescription-ud-diets-iwtj.jpg,"",124969
Hill's Prescription Diet u/d Urinary Care Original Dog Food - Wet » 12 x 370g Cans,23.99,https://static2.viovet.co.uk/familygallery/hills-prescription-ud-diets-iwtj.jpg,"",110355
Hill's Prescription Diet c/d Multicare Urinary Care Chicken Dog Food - Dry » 2kg Bag,14.5,https://static1.viovet.co.uk/familygallery/hills-prescription-cd-diets-ozka.jpg,"",110256
Hill's Prescription Diet c/d Multicare Urinary Care Chicken Dog Food - Dry » 5kg Bag,34.49,https://static1.viovet.co.uk/familygallery/hills-prescription-cd-diets-ozka.jpg,"",110257
Hill's Prescription Diet c/d Multicare Urinary Care Chicken Dog Food - Dry » 12kg Bag,63.49,https://static1.viovet.co.uk/familygallery/hills-prescription-cd-diets-ozka.jpg,"",117721
Hill's Prescription Diet c/d Multicare Urinary Care Chicken Dog Food - Wet » 12 x 370g Cans,27.49,https://static1.viovet.co.uk/familygallery/hills-prescription-cd-diets-ozka.jpg,"",110259
Hill's Prescription Diet d/d Food Sensitivities Dog Food - Duck & Rice Dry » 5kg Bag,35.99,https://static1.viovet.co.uk/familygallery/hills-prescription-dd-diets-hlbh.jpg,"",110313
Hill's Prescription Diet d/d Food Sensitivities Dog Food - Duck & Rice Dry » 12kg Bag,67.99,https://static1.viovet.co.uk/familygallery/hills-prescription-dd-diets-hlbh.jpg,"",117689
Hill's Prescription Diet d/d Food Sensitivities Dog Food - Lamb Wet » 12 x 370g Cans,26.99,https://static1.viovet.co.uk/familygallery/hills-prescription-dd-diets-hlbh.jpg,"",110320
Hill's Prescription Diet d/d Food Sensitivities Dog Food - Salmon & Rice Dry » 2kg Bag,16.49,https://static1.viovet.co.uk/familygallery/hills-prescription-dd-diets-hlbh.jpg,"",110309
Hill's Prescription Diet d/d Food Sensitivities Dog Food - Salmon & Rice Dry » 5kg Bag,34.49,https://static1.viovet.co.uk/familygallery/hills-prescription-dd-diets-hlbh.jpg,"",110312
Hill's Prescription Diet d/d Food Sensitivities Dog Food - Salmon & Rice Dry » 12kg Bag,66.49,https://static1.viovet.co.uk/familygallery/hills-prescription-dd-diets-hlbh.jpg,"",117753
Hill's Prescription Diet d/d Food Sensitivities Dog Food - Salmon Wet » 12 x 370g Cans,26.99,https://static1.viovet.co.uk/familygallery/hills-prescription-dd-diets-hlbh.jpg,"",112180
Hill's Prescription Diet d/d Food Sensitivities Dog Food - Venison Wet » 12 x 370g Cans,27.49,https://static1.viovet.co.uk/familygallery/hills-prescription-dd-diets-hlbh.jpg,"",110317
Hill's Prescription Diet t/d Dental Care Chicken Flavor Dry Dog Food - Dry » 3kg Bag,22.99,https://static1.viovet.co.uk/familygallery/hills-prescription-td-diets-30vc.jpg,"",110351
Hill's Prescription Diet t/d Dental Care Chicken Flavor Dry Dog Food - Dry » 10kg Bag,61.99,https://static1.viovet.co.uk/familygallery/hills-prescription-td-diets-30vc.jpg,"",110350
Hill's Prescription Diet t/d Dental Care Chicken Flavor Dry Dog Food - Mini Dry » 3kg Bag,23.99,https://static1.viovet.co.uk/familygallery/hills-prescription-td-diets-30vc.jpg,"",110353
Hill's Prescription Diet l/d Liver Care Original Dog Food - Dry » 2kg Bag,19.0,https://static2.viovet.co.uk/familygallery/hills-prescription-ld-diets-4489.jpg,"",110338
Hill's Prescription Diet l/d Liver Care Original Dog Food - Dry » 5kg Bag,35.99,https://static2.viovet.co.uk/familygallery/hills-prescription-ld-diets-4489.jpg,"",110339
Hill's Prescription Diet l/d Liver Care Original Dog Food - Dry » 12kg Bag,65.99,https://static2.viovet.co.uk/familygallery/hills-prescription-ld-diets-4489.jpg,"",125889
Hill's Prescription Diet l/d Liver Care Original Dog Food - Wet » 12 x 370g Cans,28.99,https://static2.viovet.co.uk/familygallery/hills-prescription-ld-diets-4489.jpg,"",110336
Hill's Prescription Diet a/d Restorative Care with Chicken Canned Dog and Cat Food - Liver & Chicken Wet » 24 x 156g Cans,46.99,https://static2.viovet.co.uk/familygallery/hills-prescription-ad-diets-xg6o.jpg,"",110368
Hill's Prescription Diet s/d Urinary Care Original Canned Dog Food - Wet » 12 x 370g Cans,28.99,https://static1.viovet.co.uk/familygallery/hills-prescription-sd-diets-s9r3.jpg,"",110349
Hill's Prescription Diet n/d Restorative Care with Chicken Canned Dog Food - Wet » 12 x 360g Cans,27.99,https://static1.viovet.co.uk/familygallery/hills-prescription-nd-diets-8dik.jpg,"",110340
Hill's Prescription Diet b/d Ageing and Alertness Care with Chicken Dry Dog Food - Dry » 12kg Bag,64.99,https://static2.viovet.co.uk/familygallery/hills-prescription-bd-diets-p3dn.jpg,"",125873
"Hill's Prescription Diet k/d + Mobility, Kidney + Joint Care Original Dry Dog Food - k/d + Mobility » Dry » 5kg Bag",36.49,https://static1.viovet.co.uk/familygallery/kd-mobility-99t3.jpg,"",233821
"Hill's Prescription Diet k/d + Mobility, Kidney + Joint Care Original Dry Dog Food - k/d + Mobility » Dry » 12kg Bag",70.49,https://static1.viovet.co.uk/familygallery/kd-mobility-99t3.jpg,"",233829
Hill's Prescription Diet h/d Heart Care with Chicken Flavor Dog Food - Dry » 5kg Bag,39.49,https://static2.viovet.co.uk/familygallery/hills-prescription-hd-diets-6phg.jpg,"",110321
Hill's Prescription Diet h/d Heart Care with Chicken Flavor Dog Food - Wet » 12 x 370g Cans,28.49,https://static2.viovet.co.uk/familygallery/hills-prescription-hd-diets-6phg.jpg,"",110322
